review,aspect,sentiment,clean_review
The price is higher than expected.,Price,Negative,the price is higher than expected
The vehicle has a standard market price.,Price,Neutral,the vehicle has a standard market price
The model includes adjustable front seats.,Comfort,Neutral,the model includes adjustable front seats
The touchscreen is slow and unresponsive.,Infotainment,Negative,the touchscreen is slow and unresponsive
The overall vehicle design is disappointing.,Vehicle,Negative,the overall vehicle design is disappointing
The car provides poor protection.,Safety,Negative,the car provides poor protection
The speakers have poor sound quality.,Infotainment,Negative,the speakers have poor sound quality
Fuel efficiency is very good.,Mileage,Positive,fuel efficiency is very good
The price is difficult to justify.,Price,Negative,the price is difficult to justify
The car has a standard cabin layout.,Comfort,Neutral,the car has a standard cabin layout
The repair service was poorly handled.,Service,Negative,the repair service was poorly handled
Engine response is quick and refined.,Engine,Positive,engine response is quick and refined
The car includes USB connectivity.,Infotainment,Neutral,the car includes usb connectivity
The vehicle feels poorly built.,Vehicle,Negative,the vehicle feels poorly built
The battery takes about six hours to charge.,Battery,Neutral,the battery takes about six hours to charge
The infotainment system is confusing.,Infotainment,Negative,the infotainment system is confusing
The display is bright and user friendly.,Infotainment,Positive,the display is bright and user friendly
The model has a standard overall design.,Vehicle,Neutral,the model has a standard overall design
Maintenance took too long.,Service,Negative,maintenance took too long
The vehicle supports fast charging.,Battery,Neutral,the vehicle supports fast charging
The model has a navigation display.,Infotainment,Neutral,the model has a navigation display
The cabin includes front and rear seats.,Comfort,Neutral,the cabin includes front and rear seats
The vehicle performs efficiently in city traffic.,Mileage,Positive,the vehicle performs efficiently in city traffic
Engine performance is excellent.,Engine,Positive,engine performance is excellent
The safety features are disappointing.,Safety,Negative,the safety features are disappointing
Maintenance service was quick and professional.,Service,Positive,maintenance service was quick and professional
The vehicle has an authorized service center.,Service,Neutral,the vehicle has an authorized service center
The car has a conventional exterior design.,Vehicle,Neutral,the car has a conventional exterior design
The engine displacement is 1.5 litres.,Engine,Neutral,the engine displacement is 15 litres
The car offers great value at this price.,Price,Positive,the car offers great value at this price
The vehicle lacks important safety features.,Safety,Negative,the vehicle lacks important safety features
The battery charges efficiently.,Battery,Positive,the battery charges efficiently
The car has six airbags.,Safety,Neutral,the car has six airbags
The car is reasonably priced.,Price,Positive,the car is reasonably priced
The seats offer excellent support.,Comfort,Positive,the seats offer excellent support
The seats are uncomfortable.,Comfort,Negative,the seats are uncomfortable
The vehicle is highly fuel efficient.,Mileage,Positive,the vehicle is highly fuel efficient
The rear seats have limited legroom.,Comfort,Negative,the rear seats have limited legroom
The car has standard safety equipment.,Safety,Neutral,the car has standard safety equipment
The braking system works very well.,Safety,Positive,the braking system works very well
The safety features are excellent.,Safety,Positive,the safety features are excellent
The car has a touchscreen infotainment system.,Infotainment,Neutral,the car has a touchscreen infotainment system
The model comes with a rear camera.,Safety,Neutral,the model comes with a rear camera
The mileage depends on driving conditions.,Mileage,Neutral,the mileage depends on driving conditions
The vehicle has poor fuel economy.,Mileage,Negative,the vehicle has poor fuel economy
The car has a standard fuel economy rating.,Mileage,Neutral,the car has a standard fuel economy rating
The vehicle has five seats.,Comfort,Neutral,the vehicle has five seats
The manufacturer lists several price options.,Price,Neutral,the manufacturer lists several price options
The mileage drops significantly in traffic.,Mileage,Negative,the mileage drops significantly in traffic
The model comes with a service warranty.,Service,Neutral,the model comes with a service warranty
The service team was unhelpful.,Service,Negative,the service team was unhelpful
The motor feels rough while driving.,Engine,Negative,the motor feels rough while driving
The engine is powerful and smooth.,Engine,Positive,the engine is powerful and smooth
The navigation system works very well.,Infotainment,Positive,the navigation system works very well
The seats are very comfortable.,Comfort,Positive,the seats are very comfortable
The motor performs smoothly at high speeds.,Engine,Positive,the motor performs smoothly at high speeds
The car comes with a typical vehicle body.,Vehicle,Neutral,the car comes with a typical vehicle body
The vehicle has a battery warranty.,Battery,Neutral,the vehicle has a battery warranty
The car has strong safety performance.,Safety,Positive,the car has strong safety performance
Battery performance is below expectations.,Battery,Negative,battery performance is below expectations
The model comes with a lithium-ion battery.,Battery,Neutral,the model comes with a lithiumion battery
I really like the build quality of this car.,Vehicle,Positive,i really like the build quality of this car
The car has fabric seats.,Comfort,Neutral,the car has fabric seats
The battery range is disappointing.,Battery,Negative,the battery range is disappointing
The airbags provide good safety.,Safety,Positive,the airbags provide good safety
The service center was disappointing.,Service,Negative,the service center was disappointing
The car consumes too much fuel.,Mileage,Negative,the car consumes too much fuel
The battery capacity is 50 kWh.,Battery,Neutral,the battery capacity is 50 kwh
The brakes feel weak.,Safety,Negative,the brakes feel weak
Phone connectivity is frustrating.,Infotainment,Negative,phone connectivity is frustrating
The engine provides excellent performance.,Engine,Positive,the engine provides excellent performance
The car feels less refined than expected.,Vehicle,Negative,the car feels less refined than expected
The engine response is slow.,Engine,Negative,the engine response is slow
The car has impressive engine power.,Engine,Positive,the car has impressive engine power
The engine has a standard configuration.,Engine,Neutral,the engine has a standard configuration
The vehicle is available in three price variants.,Price,Neutral,the vehicle is available in three price variants
The safety technology is impressive.,Safety,Positive,the safety technology is impressive
The dealer provided excellent support.,Service,Positive,the dealer provided excellent support
The battery provides impressive range.,Battery,Positive,the battery provides impressive range
The vehicle costs too much.,Price,Negative,the vehicle costs too much
The display is difficult to read.,Infotainment,Negative,the display is difficult to read
Mileage is better than expected.,Mileage,Positive,mileage is better than expected
The vehicle comes with a four-cylinder engine.,Engine,Neutral,the vehicle comes with a fourcylinder engine
The seats provide poor support.,Comfort,Negative,the seats provide poor support
The fuel consumption is low.,Mileage,Positive,the fuel consumption is low
The legroom is very comfortable.,Comfort,Positive,the legroom is very comfortable
The motor delivers strong acceleration.,Engine,Positive,the motor delivers strong acceleration
The car has a standard interior layout.,Comfort,Neutral,the car has a standard interior layout
The vehicle includes ABS and EBD.,Safety,Neutral,the vehicle includes abs and ebd
The cabin is spacious and comfortable.,Comfort,Positive,the cabin is spacious and comfortable
The new model looks modern and attractive.,Vehicle,Positive,the new model looks modern and attractive
The car gives good fuel economy.,Mileage,Positive,the car gives good fuel economy
The model is offered with a diesel engine.,Engine,Neutral,the model is offered with a diesel engine
The system connects to my phone quickly.,Infotainment,Positive,the system connects to my phone quickly
The car has electronic stability control.,Safety,Neutral,the car has electronic stability control
The model has a standard mileage figure.,Mileage,Neutral,the model has a standard mileage figure
Fuel consumption is unnecessarily high.,Mileage,Negative,fuel consumption is unnecessarily high
The service center was excellent.,Service,Positive,the service center was excellent
The car struggles during acceleration.,Engine,Negative,the car struggles during acceleration
The suspension provides a smooth ride.,Comfort,Positive,the suspension provides a smooth ride
The charging system is frustratingly slow.,Battery,Negative,the charging system is frustratingly slow
The vehicle has a familiar design.,Vehicle,Neutral,the vehicle has a familiar design
The model has manual seat adjustment.,Comfort,Neutral,the model has manual seat adjustment
The vehicle includes several driver assistance features.,Safety,Neutral,the vehicle includes several driver assistance features
Engine performance is disappointing.,Engine,Negative,engine performance is disappointing
The exterior design does not look premium.,Vehicle,Negative,the exterior design does not look premium
The model has a starting price of 10 lakh rupees.,Price,Neutral,the model has a starting price of 10 lakh rupees
The audio quality is excellent.,Infotainment,Positive,the audio quality is excellent
The exterior design makes the car look premium.,Vehicle,Positive,the exterior design makes the car look premium
The engine feels responsive during driving.,Engine,Positive,the engine feels responsive during driving
Customer service was responsive.,Service,Positive,customer service was responsive
The asking price is excessive.,Price,Negative,the asking price is excessive
The service experience was smooth.,Service,Positive,the service experience was smooth
The vehicle feels stable and refined on the road.,Vehicle,Positive,the vehicle feels stable and refined on the road
The engine feels weak during acceleration.,Engine,Negative,the engine feels weak during acceleration
The car is overpriced for its features.,Price,Negative,the car is overpriced for its features
The service experience was frustrating.,Service,Negative,the service experience was frustrating
The infotainment features are impressive.,Infotainment,Positive,the infotainment features are impressive
The dealer provided poor support.,Service,Negative,the dealer provided poor support
The model offers a standard safety package.,Safety,Neutral,the model offers a standard safety package
The body quality is disappointing.,Vehicle,Negative,the body quality is disappointing
The battery does not last long.,Battery,Negative,the battery does not last long
The ride is smooth over rough roads.,Comfort,Positive,the ride is smooth over rough roads
The price offers excellent value.,Price,Positive,the price offers excellent value
The navigation system is unreliable.,Infotainment,Negative,the navigation system is unreliable
The car has a stylish exterior design.,Vehicle,Positive,the car has a stylish exterior design
The vehicle is affordable for its features.,Price,Positive,the vehicle is affordable for its features
The car requires regular maintenance.,Service,Neutral,the car requires regular maintenance
The battery supports home charging.,Battery,Neutral,the battery supports home charging
The manufacturer lists maintenance costs.,Service,Neutral,the manufacturer lists maintenance costs
The car has a 60 kWh battery.,Battery,Neutral,the car has a 60 kwh battery
The vehicle uses a turbocharged engine.,Engine,Neutral,the vehicle uses a turbocharged engine
The vehicle provides rear-seat headrests.,Comfort,Neutral,the vehicle provides rearseat headrests
The car uses a petrol engine.,Engine,Neutral,the car uses a petrol engine
The interior feels comfortable on long journeys.,Comfort,Positive,the interior feels comfortable on long journeys
The car uses a standard body structure.,Vehicle,Neutral,the car uses a standard body structure
The manufacturer provides a service schedule.,Service,Neutral,the manufacturer provides a service schedule
Customer service was slow to respond.,Service,Negative,customer service was slow to respond
Fuel efficiency is disappointing.,Mileage,Negative,fuel efficiency is disappointing
The engine lacks sufficient power.,Engine,Negative,the engine lacks sufficient power
The infotainment system feels outdated.,Infotainment,Negative,the infotainment system feels outdated
The car has an automatic engine configuration.,Engine,Neutral,the car has an automatic engine configuration
The manufacturer lists the mileage officially.,Mileage,Neutral,the manufacturer lists the mileage officially
The service interval is one year.,Service,Neutral,the service interval is one year
The car is available with two engine options.,Engine,Neutral,the car is available with two engine options
The service team was very helpful.,Service,Positive,the service team was very helpful
The vehicle is worth the price.,Price,Positive,the vehicle is worth the price
The car has a premium overall design.,Vehicle,Positive,the car has a premium overall design
The braking performance is poor.,Safety,Negative,the braking performance is poor
Battery life is better than expected.,Battery,Positive,battery life is better than expected
The interior feels cramped.,Comfort,Negative,the interior feels cramped
The car provides good value for money.,Price,Positive,the car provides good value for money
The infotainment system is easy to use.,Infotainment,Positive,the infotainment system is easy to use
The car is too expensive.,Price,Negative,the car is too expensive
The battery lasts for a long time.,Battery,Positive,the battery lasts for a long time
The mileage is very poor.,Mileage,Negative,the mileage is very poor
The motor is noisy and lacks power.,Engine,Negative,the motor is noisy and lacks power
The vehicle has a practical and attractive body design.,Vehicle,Positive,the vehicle has a practical and attractive body design
The safety technology needs improvement.,Safety,Negative,the safety technology needs improvement
The car uses petrol for fuel.,Mileage,Neutral,the car uses petrol for fuel
Mileage is lower than expected.,Mileage,Negative,mileage is lower than expected
The model comes with a standard audio system.,Infotainment,Neutral,the model comes with a standard audio system
The pricing is competitive.,Price,Positive,the pricing is competitive
The vehicle displays its fuel economy.,Mileage,Neutral,the vehicle displays its fuel economy
The car design looks outdated.,Vehicle,Negative,the car design looks outdated
The vehicle has several poor design choices.,Vehicle,Negative,the vehicle has several poor design choices
The electric range is poor.,Battery,Negative,the electric range is poor
The vehicle includes Bluetooth connectivity.,Infotainment,Neutral,the vehicle includes bluetooth connectivity
The cabin is uncomfortable on long journeys.,Comfort,Negative,the cabin is uncomfortable on long journeys
The vehicle is available in several body styles.,Vehicle,Neutral,the vehicle is available in several body styles
The vehicle has several service centers.,Service,Neutral,the vehicle has several service centers
The mileage is excellent.,Mileage,Positive,the mileage is excellent
The infotainment system has several menus.,Infotainment,Neutral,the infotainment system has several menus
The ride becomes uncomfortable on rough roads.,Comfort,Negative,the ride becomes uncomfortable on rough roads
The model is offered at different prices.,Price,Neutral,the model is offered at different prices
The price is attractive compared with competitors.,Price,Positive,the price is attractive compared with competitors
The charging experience is disappointing.,Battery,Negative,the charging experience is disappointing
The electric range is excellent.,Battery,Positive,the electric range is excellent
The safety system is unreliable.,Safety,Negative,the safety system is unreliable
Charging performance is very good.,Battery,Positive,charging performance is very good
The speakers produce excellent sound.,Infotainment,Positive,the speakers produce excellent sound
The car price depends on the selected variant.,Price,Neutral,the car price depends on the selected variant
The touchscreen is responsive and clear.,Infotainment,Positive,the touchscreen is responsive and clear
Charging takes far too long.,Battery,Negative,charging takes far too long
The battery range is excellent.,Battery,Positive,the battery range is excellent
The car has a mileage rating of 18 kmpl.,Mileage,Neutral,the car has a mileage rating of 18 kmpl
The model is offered in multiple variants.,Vehicle,Neutral,the model is offered in multiple variants
The battery drains too quickly.,Battery,Negative,the battery drains too quickly
The car is serviced every six months.,Service,Neutral,the car is serviced every six months
The car is priced at 15 lakh rupees.,Price,Neutral,the car is priced at 15 lakh rupees
The car supports smartphone connectivity.,Infotainment,Neutral,the car supports smartphone connectivity
The ride quality is poor.,Comfort,Negative,the ride quality is poor
The engine performance is below expectations.,Engine,Negative,the engine performance is below expectations
The workshop staff were rude.,Service,Negative,the workshop staff were rude
The pricing is disappointing.,Price,Negative,the pricing is disappointing
The vehicle feels solid and well built.,Vehicle,Positive,the vehicle feels solid and well built
The charging system works quickly.,Battery,Positive,the charging system works quickly
The workshop staff were helpful.,Service,Positive,the workshop staff were helpful
The suspension feels too stiff.,Comfort,Negative,the suspension feels too stiff
The repair service was completed quickly.,Service,Positive,the repair service was completed quickly
The car feels very safe to drive.,Safety,Positive,the car feels very safe to drive
The vehicle provides excellent protection.,Safety,Positive,the vehicle provides excellent protection
The vehicle includes parking sensors.,Safety,Neutral,the vehicle includes parking sensors
The car is not fuel efficient.,Mileage,Negative,the car is not fuel efficient
The vehicle does not offer good value.,Price,Negative,the vehicle does not offer good value
The car delivers impressive mileage.,Mileage,Positive,the car delivers impressive mileage
The ride quality is excellent.,Comfort,Positive,the ride quality is excellent
The listed price excludes registration charges.,Price,Neutral,the listed price excludes registration charges
The vehicle has a five-door body design.,Vehicle,Neutral,the vehicle has a fivedoor body design
The vehicle has a digital display.,Infotainment,Neutral,the vehicle has a digital display
The car displays the battery percentage.,Battery,Neutral,the car displays the battery percentage
The car does not feel very safe.,Safety,Negative,the car does not feel very safe
The build quality is not impressive.,Vehicle,Negative,the build quality is not impressive
The vehicle has a 45 litre fuel tank.,Mileage,Neutral,the vehicle has a 45 litre fuel tank
The audio quality is poor.,Infotainment,Negative,the audio quality is poor
The braking response is reliable.,Safety,Positive,the braking response is reliable
